Workbook
Name ListaDocas: Cadastros!$A$6:$A$105
Name ListaFornecedores: Cadastros!$D$7:$D$106
Name ListaStatus: Cadastros!$G$13:$G$20
Name ListaTiposCarga: Cadastros!$A$13:$A$30
Name ListaTransportadoras: Cadastros!$K$7:$K$106
Name ListaUnidades: Cadastros!$D$13:$D$30

Sheet Instruções
A1: Planilha Gratuita de Agendamento de Docas
A3: JGM4 Consultoria Logística
A5: Use este modelo para organizar recebimentos, fornecedores, transportadoras, docas, horários, atrasos, no-show e tempos operacionais. A planilha foi pensada para operações pequenas e médias e pode ser adaptada livremente.
A8: COMO COMEÇAR
A10: 1 | B10: Cadastre a operação | D10: Na aba Cadastros, substitua os exemplos de docas, fornecedores, transportadoras e tipos de carga.
A11: 2 | B11: Exclua os exemplos | D11: Na aba Agenda, as linhas com ID “EXEMPLO-...” são demonstrativas. Exclua o conteúdo das linhas 2 a 9 antes do uso real; preserve as fórmulas nas colunas S a V.
A12: 3 | B12: Preencha a agenda | D12: Informe data, horário previsto, doca, parceiro, carga, veículo e status. Use um ID único para cada agendamento.
A13: 4 | B13: Atualize os horários reais | D13: Registre chegada, início e fim do atendimento. Atraso, espera e atendimento são calculados automaticamente em minutos.
A14: 5 | B14: Registre no-show | D14: Selecione o status “No-show”. A coluna No-show será preenchida automaticamente com “Sim”.
A15: 6 | B15: Acompanhe os indicadores | D15: As abas Indicadores e Dashboard resumem volume, conclusão, no-show, cancelamento, reagendamento e tempos médios.
A18: SIGNIFICADO DOS STATUS
A20: Agendado | C20: Horário reservado, ainda sem confirmação final.
A21: Confirmado | C21: Agendamento validado com o parceiro.
A22: Em espera | C22: Veículo chegou e aguarda início.
A23: Em atendimento | C23: Carga ou descarga em execução.
A24: Concluído | C24: Atendimento encerrado.
A25: Reagendado | C25: Movido para outra data ou horário.
A26: Cancelado | C26: Agendamento cancelado antes do atendimento.
A27: No-show | C27: Veículo não compareceu à janela reservada.
A30: INTERPRETAÇÃO DOS INDICADORES
A32: Use os indicadores como tendência da sua própria operação. Não existe meta universal para pontualidade, espera, atendimento ou ocupação. Compare períodos equivalentes, investigue causas e segmente por doca, fornecedor e tipo de carga antes de tomar decisões.
A37: Sua operação cresceu além da planilha? Conheça o Doca Certa — sistema de agendamento e gestão de docas. docacerta.com.br

Sheet Agenda
A1: ID | B1: Data | C1: Horário Previsto | D1: Doca | E1: Fornecedor | F1: Transportadora | G1: Pedido | H1: Nota Fiscal | I1: Tipo de Carga | J1: Quantidade | K1: Unidade | L1: Placa | M1: Motorista | N1: Telefone | O1: Status | P1: Horário de Chegada | Q1: Início do Atendimento | R1: Fim do Atendimento | S1: Atraso (min) | T1: Tempo de Espera (min) | U1: Tempo de Atendimento (min) | V1: No-show | W1: Observações
A2: EXEMPLO-001 | B2: 24/08/2026 | C2: 0.33333333 | D2: Doca 01 | E2: Fornecedor Alfa | F2: Transportadora Rota | G2: PED-1001 | H2: NF-5001 | I2: Paletizada | J2: 18 | K2: Paletes | L2: ABC1D23 | M2: José Silva | N2: (11) 98888-1001 | O2: Concluído | P2: 0.34375 | Q2: 0.35416667 | R2: 0.39583333 | S2: =IF(OR($C2="",$P2=""),"",MAX(0,ROUND(($P2-$C2)*1440,0))) -> 15 | T2: =IF(OR($P2="",$Q2=""),"",MAX(0,ROUND(($Q2-$P2)*1440,0))) -> 15 | U2: =IF(OR($Q2="",$R2=""),"",MAX(0,ROUND(($R2-$Q2)*1440,0))) -> 60 | V2: =IF($A2="","",IF($O2="No-show","Sim","Não")) -> Não | W2: Descarga sem ocorrência.
A3: EXEMPLO-002 | B3: 24/08/2026 | C3: 0.375 | D3: Doca 02 | E3: Fornecedor Beta | F3: Transportadora Via | G3: PED-1002 | H3: NF-5002 | I3: Batida | J3: 240 | K3: Caixas | L3: EFG4H56 | M3: Marcos Lima | N3: (11) 98888-1002 | O3: Concluído | P3: 0.37152778 | Q3: 0.37777778 | R3: 0.42708333 | S3: =IF(OR($C3="",$P3=""),"",MAX(0,ROUND(($P3-$C3)*1440,0))) -> 0 | T3: =IF(OR($P3="",$Q3=""),"",MAX(0,ROUND(($Q3-$P3)*1440,0))) -> 9 | U3: =IF(OR($Q3="",$R3=""),"",MAX(0,ROUND(($R3-$Q3)*1440,0))) -> 71 | V3: =IF($A3="","",IF($O3="No-show","Sim","Não")) -> Não | W3: Chegada antecipada.
A4: EXEMPLO-003 | B4: 24/08/2026 | C4: 0.41666667 | D4: Doca 01 | E4: Fornecedor Gama | F4: Transportadora Sul | G4: PED-1003 | H4: NF-5003 | I4: Granel | J4: 12 | K4: Toneladas | L4: IJK7L89 | M4: André Souza | N4: (11) 98888-1003 | O4: No-show | S4: =IF(OR($C4="",$P4=""),"",MAX(0,ROUND(($P4-$C4)*1440,0))) | T4: =IF(OR($P4="",$Q4=""),"",MAX(0,ROUND(($Q4-$P4)*1440,0))) | U4: =IF(OR($Q4="",$R4=""),"",MAX(0,ROUND(($R4-$Q4)*1440,0))) | V4: =IF($A4="","",IF($O4="No-show","Sim","Não")) -> Sim | W4: Fornecedor não compareceu.
A5: EXEMPLO-004 | B5: 25/08/2026 | C5: 0.33333333 | D5: Doca 03 | E5: Fornecedor Alfa | F5: Transportadora Via | G5: PED-1004 | H5: NF-5004 | I5: Devolução | J5: 32 | K5: Unidades | L5: MNO1P23 | M5: Lucas Reis | N5: (11) 98888-1004 | O5: Cancelado | S5: =IF(OR($C5="",$P5=""),"",MAX(0,ROUND(($P5-$C5)*1440,0))) | T5: =IF(OR($P5="",$Q5=""),"",MAX(0,ROUND(($Q5-$P5)*1440,0))) | U5: =IF(OR($Q5="",$R5=""),"",MAX(0,ROUND(($R5-$Q5)*1440,0))) | V5: =IF($A5="","",IF($O5="No-show","Sim","Não")) -> Não | W5: Cancelado com antecedência.
A6: EXEMPLO-005 | B6: 25/08/2026 | C6: 0.39583333 | D6: Doca 02 | E6: Fornecedor Beta | F6: Transportadora Rota | G6: PED-1005 | H6: NF-5005 | I6: Paletizada | J6: 24 | K6: Paletes | L6: QRS4T56 | M6: Paulo Nunes | N6: (11) 98888-1005 | O6: Em atendimento | P6: 0.41666667 | Q6: 0.42708333 | S6: =IF(OR($C6="",$P6=""),"",MAX(0,ROUND(($P6-$C6)*1440,0))) -> 30 | T6: =IF(OR($P6="",$Q6=""),"",MAX(0,ROUND(($Q6-$P6)*1440,0))) -> 15 | U6: =IF(OR($Q6="",$R6=""),"",MAX(0,ROUND(($R6-$Q6)*1440,0))) | V6: =IF($A6="","",IF($O6="No-show","Sim","Não")) -> Não | W6: Atendimento em curso.
A7: EXEMPLO-006 | B7: 25/08/2026 | C7: 0.45833333 | D7: Doca 01 | E7: Fornecedor Gama | F7: Transportadora Sul | G7: PED-1006 | H7: NF-5006 | I7: Contêiner | J7: 1 | K7: Unidades | L7: UVW7X89 | M7: Rafael Dias | N7: (11) 98888-1006 | O7: Reagendado | S7: =IF(OR($C7="",$P7=""),"",MAX(0,ROUND(($P7-$C7)*1440,0))) | T7: =IF(OR($P7="",$Q7=""),"",MAX(0,ROUND(($Q7-$P7)*1440,0))) | U7: =IF(OR($Q7="",$R7=""),"",MAX(0,ROUND(($R7-$Q7)*1440,0))) | V7: =IF($A7="","",IF($O7="No-show","Sim","Não")) -> Não | W7: Movido para o dia seguinte.
A8: EXEMPLO-007 | B8: 26/08/2026 | C8: 0.35416667 | D8: Doca 03 | E8: Fornecedor Alfa | F8: Transportadora Rota | G8: PED-1007 | H8: NF-5007 | I8: Batida | J8: 180 | K8: Caixas | L8: YZA1B23 | M8: Fábio Melo | N8: (11) 98888-1007 | O8: Confirmado | S8: =IF(OR($C8="",$P8=""),"",MAX(0,ROUND(($P8-$C8)*1440,0))) | T8: =IF(OR($P8="",$Q8=""),"",MAX(0,ROUND(($Q8-$P8)*1440,0))) | U8: =IF(OR($Q8="",$R8=""),"",MAX(0,ROUND(($R8-$Q8)*1440,0))) | V8: =IF($A8="","",IF($O8="No-show","Sim","Não")) -> Não | W8: Documentação confirmada.
A9: EXEMPLO-008 | B9: 26/08/2026 | C9: 0.41666667 | D9: Doca 02 | E9: Fornecedor Beta | F9: Transportadora Via | G9: PED-1008 | H9: NF-5008 | I9: Paletizada | J9: 20 | K9: Paletes | L9: CDE4F56 | M9: Diego Alves | N9: (11) 98888-1008 | O9: Agendado | S9: =IF(OR($C9="",$P9=""),"",MAX(0,ROUND(($P9-$C9)*1440,0))) | T9: =IF(OR($P9="",$Q9=""),"",MAX(0,ROUND(($Q9-$P9)*1440,0))) | U9: =IF(OR($Q9="",$R9=""),"",MAX(0,ROUND(($R9-$Q9)*1440,0))) | V9: =IF($A9="","",IF($O9="No-show","Sim","Não")) -> Não | W9: Aguardando confirmação.
S10: =IF(OR($C10="",$P10=""),"",MAX(0,ROUND(($P10-$C10)*1440,0))) | T10: =IF(OR($P10="",$Q10=""),"",MAX(0,ROUND(($Q10-$P10)*1440,0))) | U10: =IF(OR($Q10="",$R10=""),"",MAX(0,ROUND(($R10-$Q10)*1440,0))) | V10: =IF($A10="","",IF($O10="No-show","Sim","Não"))
S11: =IF(OR($C11="",$P11=""),"",MAX(0,ROUND(($P11-$C11)*1440,0))) | T11: =IF(OR($P11="",$Q11=""),"",MAX(0,ROUND(($Q11-$P11)*1440,0))) | U11: =IF(OR($Q11="",$R11=""),"",MAX(0,ROUND(($R11-$Q11)*1440,0))) | V11: =IF($A11="","",IF($O11="No-show","Sim","Não"))
S12: =IF(OR($C12="",$P12=""),"",MAX(0,ROUND(($P12-$C12)*1440,0))) | T12: =IF(OR($P12="",$Q12=""),"",MAX(0,ROUND(($Q12-$P12)*1440,0))) | U12: =IF(OR($Q12="",$R12=""),"",MAX(0,ROUND(($R12-$Q12)*1440,0))) | V12: =IF($A12="","",IF($O12="No-show","Sim","Não"))
S13: =IF(OR($C13="",$P13=""),"",MAX(0,ROUND(($P13-$C13)*1440,0))) | T13: =IF(OR($P13="",$Q13=""),"",MAX(0,ROUND(($Q13-$P13)*1440,0))) | U13: =IF(OR($Q13="",$R13=""),"",MAX(0,ROUND(($R13-$Q13)*1440,0))) | V13: =IF($A13="","",IF($O13="No-show","Sim","Não"))
S14: =IF(OR($C14="",$P14=""),"",MAX(0,ROUND(($P14-$C14)*1440,0))) | T14: =IF(OR($P14="",$Q14=""),"",MAX(0,ROUND(($Q14-$P14)*1440,0))) | U14: =IF(OR($Q14="",$R14=""),"",MAX(0,ROUND(($R14-$Q14)*1440,0))) | V14: =IF($A14="","",IF($O14="No-show","Sim","Não"))
S15: =IF(OR($C15="",$P15=""),"",MAX(0,ROUND(($P15-$C15)*1440,0))) | T15: =IF(OR($P15="",$Q15=""),"",MAX(0,ROUND(($Q15-$P15)*1440,0))) | U15: =IF(OR($Q15="",$R15=""),"",MAX(0,ROUND(($R15-$Q15)*1440,0))) | V15: =IF($A15="","",IF($O15="No-show","Sim","Não"))
S16: =IF(OR($C16="",$P16=""),"",MAX(0,ROUND(($P16-$C16)*1440,0))) | T16: =IF(OR($P16="",$Q16=""),"",MAX(0,ROUND(($Q16-$P16)*1440,0))) | U16: =IF(OR($Q16="",$R16=""),"",MAX(0,ROUND(($R16-$Q16)*1440,0))) | V16: =IF($A16="","",IF($O16="No-show","Sim","Não"))
S17: =IF(OR($C17="",$P17=""),"",MAX(0,ROUND(($P17-$C17)*1440,0))) | T17: =IF(OR($P17="",$Q17=""),"",MAX(0,ROUND(($Q17-$P17)*1440,0))) | U17: =IF(OR($Q17="",$R17=""),"",MAX(0,ROUND(($R17-$Q17)*1440,0))) | V17: =IF($A17="","",IF($O17="No-show","Sim","Não"))
S18: =IF(OR($C18="",$P18=""),"",MAX(0,ROUND(($P18-$C18)*1440,0))) | T18: =IF(OR($P18="",$Q18=""),"",MAX(0,ROUND(($Q18-$P18)*1440,0))) | U18: =IF(OR($Q18="",$R18=""),"",MAX(0,ROUND(($R18-$Q18)*1440,0))) | V18: =IF($A18="","",IF($O18="No-show","Sim","Não"))
S19: =IF(OR($C19="",$P19=""),"",MAX(0,ROUND(($P19-$C19)*1440,0))) | T19: =IF(OR($P19="",$Q19=""),"",MAX(0,ROUND(($Q19-$P19)*1440,0))) | U19: =IF(OR($Q19="",$R19=""),"",MAX(0,ROUND(($R19-$Q19)*1440,0))) | V19: =IF($A19="","",IF($O19="No-show","Sim","Não"))
S20: =IF(OR($C20="",$P20=""),"",MAX(0,ROUND(($P20-$C20)*1440,0))) | T20: =IF(OR($P20="",$Q20=""),"",MAX(0,ROUND(($Q20-$P20)*1440,0))) | U20: =IF(OR($Q20="",$R20=""),"",MAX(0,ROUND(($R20-$Q20)*1440,0))) | V20: =IF($A20="","",IF($O20="No-show","Sim","Não"))
S21: =IF(OR($C21="",$P21=""),"",MAX(0,ROUND(($P21-$C21)*1440,0))) | T21: =IF(OR($P21="",$Q21=""),"",MAX(0,ROUND(($Q21-$P21)*1440,0))) | U21: =IF(OR($Q21="",$R21=""),"",MAX(0,ROUND(($R21-$Q21)*1440,0))) | V21: =IF($A21="","",IF($O21="No-show","Sim","Não"))
... S501: =IF(OR($C501="",$P501=""),"",MAX(0,ROUND(($P501-$C501)*1440,0))) | T501: =IF(OR($P501="",$Q501=""),"",MAX(0,ROUND(($Q501-$P501)*1440,0))) | U501: =IF(OR($Q501="",$R501=""),"",MAX(0,ROUND(($R501-$Q501)*1440,0))) | V501: =IF($A501="","",IF($O501="No-show","Sim","Não"))

Sheet Cadastros
A1: Cadastros da Operação
A3: Substitua os exemplos pelos dados reais. As listas alimentam os campos da aba Agenda.
A5: DOCAS | D5: FORNECEDORES | K5: TRANSPORTADORAS
A6: Doca 01 | D6: Fornecedor | E6: CNPJ | F6: Contato | G6: Telefone | H6: E-mail | I6: Observação | K6: Transportadora | L6: Contato | M6: Telefone | N6: E-mail
A7: Doca 02 | D7: Fornecedor Alfa | E7: 00.000.000/0001-01 | F7: Ana Lima | G7: (11) 90000-0001 | H7: ana@exemplo.com | I7: EXEMPLO | K7: Transportadora Rota | L7: João Alves | M7: (11) 91111-0001 | N7: joao@exemplo.com
A8: Doca 03 | D8: Fornecedor Beta | E8: 00.000.000/0001-02 | F8: Carlos Melo | G8: (11) 90000-0002 | H8: carlos@exemplo.com | I8: EXEMPLO | K8: Transportadora Via | L8: Marina Luz | M8: (11) 91111-0002 | N8: marina@exemplo.com
D9: Fornecedor Gama | E9: 00.000.000/0001-03 | F9: Paula Reis | G9: (11) 90000-0003 | H9: paula@exemplo.com | I9: EXEMPLO | K9: Transportadora Sul | L9: Rui Costa | M9: (11) 91111-0003 | N9: rui@exemplo.com
A12: TIPOS DE CARGA | D12: UNIDADES | G12: STATUS
A13: Paletizada | D13: Paletes | G13: Agendado
A14: Batida | D14: Caixas | G14: Confirmado
A15: Granel | D15: Unidades | G15: Em espera
A16: Contêiner | D16: Quilos | G16: Em atendimento
A17: Devolução | D17: Toneladas | G17: Concluído
A18: Outros | D18: Litros | G18: Reagendado
G19: Cancelado
G20: No-show

Sheet Indicadores
A1: Indicadores de Recebimento
A3: Atualização automática a partir da aba Agenda. Resultados demonstrativos enquanto os IDs EXEMPLO estiverem presentes.
A5: RESUMO
A6: Total de Agendamentos | B6: =COUNTIF(Agenda!$A$2:$A$501,"<>") -> 8 | D6: Doca | E6: Concluídos
A7: Concluídos | B7: =COUNTIF(Agenda!$O$2:$O$501,"Concluído") -> 2 | D7: =Cadastros!A6 -> Doca 01 | E7: =IF(D7="","",COUNTIFS(Agenda!$D$2:$D$501,D7,Agenda!$O$2:$O$501,"Concluído")) -> 1
A8: No-shows | B8: =COUNTIF(Agenda!$O$2:$O$501,"No-show") -> 1 | D8: =Cadastros!A7 -> Doca 02 | E8: =IF(D8="","",COUNTIFS(Agenda!$D$2:$D$501,D8,Agenda!$O$2:$O$501,"Concluído")) -> 1
A9: Cancelados | B9: =COUNTIF(Agenda!$O$2:$O$501,"Cancelado") -> 1 | D9: =Cadastros!A8 -> Doca 03 | E9: =IF(D9="","",COUNTIFS(Agenda!$D$2:$D$501,D9,Agenda!$O$2:$O$501,"Concluído")) -> 0
A10: Reagendados | B10: =COUNTIF(Agenda!$O$2:$O$501,"Reagendado") -> 1 | D10: =Cadastros!A9 -> 0 | E10: =IF(D10="","",COUNTIFS(Agenda!$D$2:$D$501,D10,Agenda!$O$2:$O$501,"Concluído")) -> 0
A11: % de No-show | B11: =IFERROR(B8/B6,0) -> 0.125 | D11: =Cadastros!A10 -> 0 | E11: =IF(D11="","",COUNTIFS(Agenda!$D$2:$D$501,D11,Agenda!$O$2:$O$501,"Concluído")) -> 0
A12: Tempo Médio de Espera | B12: =IFERROR(AVERAGEIF(Agenda!$T$2:$T$501,">=0"),0) -> 13 | D12: =Cadastros!A11 -> 0 | E12: =IF(D12="","",COUNTIFS(Agenda!$D$2:$D$501,D12,Agenda!$O$2:$O$501,"Concluído")) -> 0
A13: Tempo Médio de Atendimento | B13: =IFERROR(AVERAGEIF(Agenda!$U$2:$U$501,">=0"),0) -> 65.5 | D13: =Cadastros!A12 -> TIPOS DE CARGA | E13: =IF(D13="","",COUNTIFS(Agenda!$D$2:$D$501,D13,Agenda!$O$2:$O$501,"Concluído")) -> 0
A14: Atraso Médio | B14: =IFERROR(AVERAGEIF(Agenda!$S$2:$S$501,">=0"),0) -> 15 | D14: =Cadastros!A13 -> Paletizada | E14: =IF(D14="","",COUNTIFS(Agenda!$D$2:$D$501,D14,Agenda!$O$2:$O$501,"Concluído")) -> 0
A15: Quantidade de cargas por dia | B15: =IFERROR(B6/SUMPRODUCT((Agenda!$B$2:$B$501<>"")/COUNTIF(Agenda!$B$2:$B$501,Agenda!$B$2:$B$501&"")),0) -> 2.6666667 | D15: =Cadastros!A14 -> Batida | E15: =IF(D15="","",COUNTIFS(Agenda!$D$2:$D$501,D15,Agenda!$O$2:$O$501,"Concluído")) -> 0
D16: =Cadastros!A15 -> Granel | E16: =IF(D16="","",COUNTIFS(Agenda!$D$2:$D$501,D16,Agenda!$O$2:$O$501,"Concluído")) -> 0
A18: ATENDIMENTOS POR FORNECEDOR
A19: Fornecedor | B19: Concluídos
A20: =Cadastros!D7 -> Fornecedor Alfa | B20: =IF(A20="","",COUNTIFS(Agenda!$E$2:$E$501,A20,Agenda!$O$2:$O$501,"Concluído")) -> 1 | D20: Compare períodos equivalentes e investigue os desvios. Um atraso médio pode esconder parceiros ou horários críticos. Use os filtros da Agenda para segmentar os dados e evite transformar médias em metas universais.
A21: =Cadastros!D8 -> Fornecedor Beta | B21: =IF(A21="","",COUNTIFS(Agenda!$E$2:$E$501,A21,Agenda!$O$2:$O$501,"Concluído")) -> 1
A22: =Cadastros!D9 -> Fornecedor Gama | B22: =IF(A22="","",COUNTIFS(Agenda!$E$2:$E$501,A22,Agenda!$O$2:$O$501,"Concluído")) -> 0
A23: =Cadastros!D10 -> 0 | B23: =IF(A23="","",COUNTIFS(Agenda!$E$2:$E$501,A23,Agenda!$O$2:$O$501,"Concluído")) -> 0
A24: =Cadastros!D11 -> 0 | B24: =IF(A24="","",COUNTIFS(Agenda!$E$2:$E$501,A24,Agenda!$O$2:$O$501,"Concluído")) -> 0
A25: =Cadastros!D12 -> UNIDADES | B25: =IF(A25="","",COUNTIFS(Agenda!$E$2:$E$501,A25,Agenda!$O$2:$O$501,"Concluído")) -> 0
A26: =Cadastros!D13 -> Paletes | B26: =IF(A26="","",COUNTIFS(Agenda!$E$2:$E$501,A26,Agenda!$O$2:$O$501,"Concluído")) -> 0
A27: =Cadastros!D14 -> Caixas | B27: =IF(A27="","",COUNTIFS(Agenda!$E$2:$E$501,A27,Agenda!$O$2:$O$501,"Concluído")) -> 0
A28: =Cadastros!D15 -> Unidades | B28: =IF(A28="","",COUNTIFS(Agenda!$E$2:$E$501,A28,Agenda!$O$2:$O$501,"Concluído")) -> 0
A29: =Cadastros!D16 -> Quilos | B29: =IF(A29="","",COUNTIFS(Agenda!$E$2:$E$501,A29,Agenda!$O$2:$O$501,"Concluído")) -> 0
A30: =Cadastros!D17 -> Toneladas | B30: =IF(A30="","",COUNTIFS(Agenda!$E$2:$E$501,A30,Agenda!$O$2:$O$501,"Concluído")) -> 0
A31: =Cadastros!D18 -> Litros | B31: =IF(A31="","",COUNTIFS(Agenda!$E$2:$E$501,A31,Agenda!$O$2:$O$501,"Concluído")) -> 0

Sheet Dashboard
A1: Dashboard de Agendamento de Docas
P2: Status | Q2: Quantidade | S2: Doca | T2: Agendamentos | V2: Data | W2: Agendamentos
A3: Visão gerencial automática — exemplos demonstrativos devem ser excluídos antes do uso real. | P3: Agendado | Q3: =COUNTIF(Agenda!$O$2:$O$501,P3) -> 1 | S3: Doca 01 | T3: =COUNTIF(Agenda!$D$2:$D$501,S3) -> 3 | V3: 24/08/2026 | W3: =COUNTIF(Agenda!$B$2:$B$501,V3) -> 3
P4: Confirmado | Q4: =COUNTIF(Agenda!$O$2:$O$501,P4) -> 1 | S4: Doca 02 | T4: =COUNTIF(Agenda!$D$2:$D$501,S4) -> 3 | V4: 25/08/2026 | W4: =COUNTIF(Agenda!$B$2:$B$501,V4) -> 3
A5: Agendamentos | E5: Concluídos | I5: No-show | M5: Atraso médio | P5: Em espera | Q5: =COUNTIF(Agenda!$O$2:$O$501,P5) -> 0 | S5: Doca 03 | T5: =COUNTIF(Agenda!$D$2:$D$501,S5) -> 2 | V5: 26/08/2026 | W5: =COUNTIF(Agenda!$B$2:$B$501,V5) -> 2
A6: =Indicadores!B6 -> 8 | E6: =Indicadores!B7 -> 2 | I6: =Indicadores!B8 -> 1 | M6: =Indicadores!B14 -> 15 | P6: Em atendimento | Q6: =COUNTIF(Agenda!$O$2:$O$501,P6) -> 1 | V6: 27/08/2026 | W6: =COUNTIF(Agenda!$B$2:$B$501,V6) -> 0
P7: Concluído | Q7: =COUNTIF(Agenda!$O$2:$O$501,P7) -> 2 | V7: 28/08/2026 | W7: =COUNTIF(Agenda!$B$2:$B$501,V7) -> 0
P8: Reagendado | Q8: =COUNTIF(Agenda!$O$2:$O$501,P8) -> 1 | V8: 29/08/2026 | W8: =COUNTIF(Agenda!$B$2:$B$501,V8) -> 0
P9: Cancelado | Q9: =COUNTIF(Agenda!$O$2:$O$501,P9) -> 1 | V9: 30/08/2026 | W9: =COUNTIF(Agenda!$B$2:$B$501,V9) -> 0
A10: Espera média | E10: Atendimento médio | P10: No-show | Q10: =COUNTIF(Agenda!$O$2:$O$501,P10) -> 1
A11: =Indicadores!B12 -> 13 | E11: =Indicadores!B13 -> 65.5
A31: Sua operação cresceu além da planilha? Conheça o Doca Certa — sistema de agendamento e gestão de docas. docacerta.com.br
